customer_id,cart_amount,average_order_value,previous_purchases,previous_abandonments,previous_reminders,previous_recoveries,purchase_frequency,cart_vs_average,minutes_since_abandonment,natural_probability,intervention_probability,natural_recovered,intervention_recovered
CUST1,3957,1412,0,5,2,1,0.0,2.8,286,0.05,0.115,0,0
CUST2,788,4967,2,4,3,0,0.5,0.16,192,0.052,0.107,0,0
CUST3,4857,2128,13,1,3,4,4.33,2.28,14,0.597,0.822,0,1
CUST4,6524,1773,6,2,0,0,1.0,3.68,199,0.26,0.4,0,0
CUST5,1591,855,14,4,0,3,2.8,1.86,1131,0.344,0.609,0,0
CUST6,4033,3462,6,5,0,0,3.0,1.16,593,0.106,0.246,0,0
CUST7,6365,3613,8,3,2,1,2.0,1.76,728,0.179,0.324,0,0
CUST8,7873,1084,5,4,1,1,1.0,7.26,778,0.089,0.219,0,0
CUST9,5468,2299,10,0,1,0,2.0,2.38,822,0.266,0.431,1,0
CUST10,7817,3077,6,5,3,3,1.2,2.54,293,0.226,0.366,1,0
CUST11,9860,4915,8,5,4,3,1.33,2.01,818,0.151,0.296,0,0
CUST12,2804,4674,15,0,0,0,5.0,0.6,1286,0.318,0.548,0,1
CUST13,8969,1020,12,3,4,3,1.33,8.79,515,0.362,0.547,0,1
CUST14,5108,1438,8,5,2,0,2.67,3.55,891,0.057,0.187,0,0
CUST15,5189,2657,5,4,0,5,0.56,1.95,1309,0.163,0.368,0,1
CUST16,619,1823,0,4,2,3,0.0,0.34,230,0.134,0.229,0,0
CUST17,1590,3019,7,0,1,4,0.58,0.53,176,0.48,0.675,0,1
CUST18,3005,4863,4,1,3,4,0.44,0.62,543,0.266,0.401,0,0
CUST19,6418,2235,6,5,2,3,0.67,2.87,898,0.125,0.28,0,1
CUST20,4070,1024,10,0,4,4,2.5,3.97,1206,0.289,0.469,1,0
CUST21,1460,982,7,0,0,2,1.75,1.49,1053,0.244,0.424,0,0
CUST22,8044,4917,4,5,4,4,0.5,1.64,498,0.155,0.275,0,1
CUST23,7951,1294,13,2,3,3,1.18,6.14,111,0.513,0.723,0,1
CUST24,4373,996,12,5,2,0,3.0,4.39,393,0.256,0.426,0,1
CUST25,7560,2003,8,3,1,0,4.0,3.77,1128,0.079,0.224,1,0
CUST26,8256,620,2,1,1,3,0.5,13.32,986,0.128,0.258,0,0
CUST27,7754,1848,12,0,3,2,1.71,4.2,585,0.403,0.588,0,0
CUST28,1258,4486,4,1,2,1,0.33,0.28,1187,0.05,0.155,0,0
CUST29,9001,968,1,4,3,4,1.0,9.3,323,0.16,0.265,0,1
CUST30,4153,2022,2,4,0,5,1.0,2.05,827,0.185,0.36,0,0
CUST31,8865,825,2,3,4,4,0.4,10.75,648,0.125,0.225,0,0
CUST32,5215,2455,8,3,1,5,1.33,2.12,937,0.318,0.538,0,0
CUST33,1500,576,14,4,4,0,3.5,2.6,1102,0.15,0.31,0,1
CUST34,2884,3359,2,1,2,2,0.22,0.86,898,0.085,0.185,0,0
CUST35,1997,4833,0,5,4,2,0.0,0.41,276,0.05,0.1,0,0
CUST36,5917,1773,8,2,4,1,0.73,3.34,417,0.227,0.342,0,1
CUST37,7239,4502,8,0,0,5,8.0,1.61,567,0.487,0.722,1,0
CUST38,7307,2645,5,5,3,4,5.0,2.76,1149,0.07,0.215,0,0
CUST39,2726,1721,1,2,4,4,0.33,1.58,881,0.079,0.169,1,0
CUST40,1984,826,11,1,1,5,1.22,2.4,725,0.485,0.735,0,1
CUST41,706,1766,7,1,1,3,0.58,0.4,368,0.376,0.556,0,0
CUST42,2071,3872,7,2,1,5,7.0,0.53,784,0.348,0.558,0,1
CUST43,687,4270,11,2,1,1,2.75,0.16,1352,0.175,0.365,0,1
CUST44,9085,1068,8,2,4,3,8.0,8.51,679,0.254,0.399,1,0
CUST45,7419,1962,8,0,0,4,0.67,3.78,708,0.418,0.638,0,1
CUST46,4473,4689,3,3,4,1,0.25,0.95,91,0.142,0.207,0,0
CUST47,5709,4910,6,2,3,0,1.0,1.16,1277,0.05,0.145,0,1
CUST48,6892,2960,9,5,3,2,1.8,2.33,1428,0.05,0.205,0,1
CUST49,6953,3605,5,4,4,2,5.0,1.93,1123,0.05,0.15,0,0
CUST50,3801,3139,14,3,3,5,1.75,1.21,1047,0.406,0.656,0,0
CUST51,5791,1890,2,2,4,5,0.5,3.06,192,0.282,0.397,0,1
CUST52,8084,2131,4,0,0,1,2.0,3.79,1252,0.09,0.225,0,0
CUST53,2717,2092,12,3,3,1,1.0,1.3,1344,0.136,0.306,1,0
CUST54,8786,1373,13,1,1,5,13.0,6.4,952,0.49,0.76,0,0
CUST55,9002,1494,14,1,3,5,1.4,6.03,1145,0.436,0.686,1,0
CUST56,8077,4125,13,4,3,1,2.6,1.96,922,0.221,0.401,0,0
CUST57,7506,2771,15,5,1,2,1.25,2.71,159,0.478,0.723,1,1
CUST58,6575,3119,2,1,1,1,0.67,2.11,1422,0.05,0.15,0,1
CUST59,1320,3839,10,4,3,3,1.43,0.34,424,0.325,0.505,0,0
CUST60,5192,660,12,3,0,2,1.71,7.87,799,0.345,0.575,0,0
CUST61,8256,2306,15,1,2,3,2.14,3.58,60,0.618,0.863,1,1
CUST62,9051,3812,5,3,1,4,0.71,2.37,56,0.379,0.554,0,0
CUST63,1123,1187,13,1,3,1,1.86,0.95,533,0.373,0.553,1,1
CUST64,1641,3264,12,2,3,2,12.0,0.5,964,0.277,0.462,0,1
CUST65,959,3366,7,5,0,5,1.75,0.28,64,0.437,0.662,1,1
CUST66,2174,1748,7,1,3,5,1.75,1.24,1156,0.259,0.439,0,1
CUST67,2176,3521,5,4,4,5,1.0,0.62,336,0.278,0.423,1,1
CUST68,10000,3055,12,3,1,0,1.09,3.27,1415,0.122,0.307,0,0
CUST69,9028,2970,3,4,0,2,0.27,3.04,878,0.079,0.219,0,0
CUST70,7402,3295,0,3,3,0,0.0,2.25,742,0.05,0.085,0,0
CUST71,4725,1753,13,1,4,5,1.44,2.7,1262,0.368,0.593,0,1
CUST72,7685,2698,10,1,0,2,1.25,2.85,500,0.405,0.615,0,0
CUST73,8288,3255,0,3,2,1,0.0,2.55,435,0.05,0.115,0,0
CUST74,4254,2763,0,4,1,0,0.0,1.54,833,0.05,0.115,0,0
CUST75,5120,4400,15,3,0,0,2.14,1.16,454,0.409,0.639,0,1
CUST76,7271,3523,15,4,4,2,2.5,2.06,1128,0.249,0.449,0,0
CUST77,3455,3011,8,1,0,5,4.0,1.15,647,0.446,0.681,0,0
CUST78,9959,2016,6,1,3,2,0.6,4.94,1075,0.13,0.255,0,1
CUST79,5252,2090,9,1,2,1,0.75,2.51,29,0.394,0.549,0,1
CUST80,8342,946,9,5,1,5,9.0,8.82,211,0.438,0.668,0,1
CUST81,8127,4108,10,1,0,2,5.0,1.98,234,0.458,0.668,1,1
CUST82,1695,939,4,1,4,2,2.0,1.81,509,0.173,0.263,0,0
CUST83,9942,2348,12,3,3,2,2.4,4.23,879,0.269,0.454,0,1
CUST84,1630,1312,6,5,1,2,1.5,1.24,322,0.221,0.376,1,1
CUST85,5071,521,13,3,4,3,3.25,9.73,67,0.477,0.672,1,1
CUST86,9963,4219,2,5,1,2,0.5,2.36,1355,0.05,0.165,0,0
CUST87,3018,1720,8,1,0,0,0.8,1.75,630,0.249,0.409,0,0
CUST88,5282,2864,14,0,3,5,2.0,1.84,1434,0.403,0.653,0,1
CUST89,7378,4545,14,0,4,0,1.4,1.62,661,0.338,0.498,1,1
CUST90,8008,669,8,4,0,1,0.73,11.97,1063,0.127,0.302,0,1
CUST91,6990,4070,15,0,3,2,2.5,1.72,683,0.458,0.673,0,0
CUST92,6861,3201,13,5,3,2,13.0,2.14,1127,0.195,0.39,0,1
CUST93,9189,3148,3,3,4,0,0.43,2.92,947,0.05,0.1,0,0
CUST94,9298,4583,14,0,1,2,2.8,2.03,269,0.556,0.791,1,1
CUST95,2894,1494,0,5,4,1,0.0,1.94,637,0.05,0.085,1,0
CUST96,2822,2340,3,3,0,5,0.25,1.21,1021,0.196,0.381,0,0
CUST97,9331,3903,15,3,1,3,2.14,2.39,297,0.541,0.801,1,1
CUST98,8618,1618,2,2,3,2,2.0,5.33,548,0.11,0.195,0,0
CUST99,5954,4511,4,3,4,3,0.44,1.32,681,0.129,0.234,0,0
CUST100,6574,3136,6,5,1,4,0.86,2.1,479,0.269,0.454,1,0
CUST101,906,3623,12,5,1,3,1.33,0.25,259,0.423,0.653,0,1
CUST102,551,1322,14,0,4,3,2.0,0.42,296,0.531,0.736,0,0
CUST103,6812,1112,15,2,2,4,7.5,6.13,1331,0.379,0.639,0,0
CUST104,888,4871,12,2,3,4,6.0,0.18,1265,0.297,0.512,1,0
CUST105,1912,2854,7,5,0,3,0.58,0.67,1298,0.11,0.305,0,0
CUST106,5106,2953,0,0,2,0,0.0,1.73,735,0.05,0.1,0,0
CUST107,6567,3875,5,1,1,0,0.45,1.69,1270,0.05,0.165,0,0
CUST108,4483,1672,7,3,2,3,7.0,2.68,1366,0.107,0.272,0,0
CUST109,9926,2856,5,0,3,2,0.45,3.48,613,0.222,0.337,0,0
CUST110,2047,4242,9,1,3,3,1.29,0.48,486,0.363,0.533,0,0
CUST111,432,2918,0,5,3,2,0.0,0.15,1160,0.05,0.115,0,0
CUST112,3888,4569,9,1,4,2,2.25,0.85,1304,0.139,0.279,0,0
CUST113,7522,1620,3,5,0,2,0.3,4.64,69,0.216,0.356,0,1
CUST114,3589,2917,10,5,3,1,1.11,1.23,271,0.251,0.401,0,1
CUST115,5135,4610,8,1,2,3,4.0,1.11,694,0.316,0.491,0,1
CUST116,6764,2348,12,4,2,0,2.4,2.88,29,0.354,0.524,0,1
CUST117,4130,2647,12,5,2,0,12.0,1.56,966,0.142,0.312,0,0
CUST118,7906,3187,7,5,0,5,1.4,2.48,1436,0.163,0.388,0,1
CUST119,1892,871,1,2,3,0,0.11,2.17,481,0.05,0.095,0,0
CUST120,1922,4925,13,4,1,3,1.3,0.39,1003,0.324,0.564,0,0
CUST121,4168,768,11,1,3,3,5.5,5.43,743,0.361,0.551,0,1
CUST122,2301,3438,1,3,2,1,0.5,0.67,932,0.05,0.125,0,0
CUST123,9550,674,1,2,1,1,0.5,14.17,421,0.111,0.201,0,0
CUST124,346,2269,7,2,1,4,2.33,0.15,568,0.351,0.546,0,1
CUST125,543,1929,3,5,0,1,0.75,0.28,734,0.05,0.175,0,1
CUST126,2162,2673,1,1,3,4,0.12,0.81,131,0.274,0.379,0,1
CUST127,1010,1393,14,4,1,4,1.56,0.73,1350,0.32,0.585,1,0
CUST128,2068,755,1,3,3,3,0.08,2.74,1005,0.05,0.14,0,1
CUST129,2367,1161,10,4,1,0,1.0,2.04,564,0.217,0.382,0,0
CUST130,7733,3163,12,4,4,2,1.2,2.44,1036,0.193,0.363,0,0
CUST131,7079,1437,6,3,3,1,0.75,4.93,695,0.116,0.226,0,0
CUST132,2800,3060,13,2,2,2,1.62,0.92,1407,0.234,0.444,1,0
CUST133,9415,1263,13,0,2,1,1.3,7.45,123,0.5,0.695,0,1
CUST134,1142,1501,13,2,3,5,1.3,0.76,590,0.497,0.737,1,1
CUST135,2073,4656,6,1,3,1,0.67,0.45,718,0.161,0.271,0,0
CUST136,9421,2352,13,4,4,4,1.3,4.01,54,0.494,0.704,0,0
CUST137,5362,2690,0,1,2,5,0.0,1.99,696,0.196,0.321,1,0
CUST138,8991,3783,2,1,0,0,0.29,2.38,441,0.137,0.237,0,0
CUST139,1691,3531,9,5,2,4,3.0,0.48,108,0.398,0.598,1,0
CUST140,7542,1168,8,3,3,3,1.6,6.46,849,0.215,0.375,0,0
CUST141,8272,3327,13,0,2,5,1.18,2.49,1080,0.469,0.724,1,1
CUST142,2548,948,0,1,2,1,0.0,2.69,524,0.07,0.135,0,1
CUST143,4070,4027,5,1,3,4,0.56,1.01,1025,0.195,0.34,0,0
CUST144,607,1090,12,5,0,3,6.0,0.56,942,0.307,0.552,0,0
CUST145,641,3813,13,2,0,3,4.33,0.17,666,0.462,0.717,0,1
CUST146,7438,3464,2,3,0,1,0.29,2.15,1207,0.05,0.165,0,0
CUST147,1551,3041,10,1,2,1,0.91,0.51,1046,0.216,0.381,1,0
CUST148,1984,3362,11,5,1,1,2.2,0.59,300,0.31,0.5,1,0
CUST149,9536,1117,5,5,3,3,0.62,8.54,1187,0.05,0.18,0,0
CUST150,7982,3147,10,1,3,0,0.91,2.54,906,0.184,0.319,0,1
CUST151,7865,960,11,4,0,2,11.0,8.19,926,0.27,0.49,1,0
CUST152,6599,1128,2,4,4,4,0.2,5.85,948,0.05,0.15,0,0
CUST153,8092,836,14,4,1,2,4.67,9.68,1027,0.305,0.54,0,1
CUST154,4359,3313,2,4,1,0,0.25,1.32,897,0.05,0.135,0,0
CUST155,5843,3481,11,2,3,3,1.1,1.68,1391,0.207,0.397,1,0
CUST156,6633,3241,2,2,0,4,0.4,2.05,582,0.244,0.404,0,0
CUST157,2617,1731,10,0,4,5,2.0,1.51,717,0.427,0.622,0,0
CUST158,9457,3710,4,4,0,2,0.36,2.55,772,0.126,0.276,0,0
CUST159,6228,4812,2,5,3,4,0.33,1.29,38,0.217,0.332,0,0
CUST160,2838,3299,15,1,1,1,3.0,0.86,159,0.538,0.768,0,1
CUST161,2447,4921,1,5,2,4,0.14,0.5,1224,0.05,0.17,0,0
CUST162,4191,1856,14,0,3,2,1.4,2.26,910,0.388,0.593,1,0
CUST163,7984,4177,7,4,1,2,1.17,1.91,398,0.255,0.42,0,0
CUST164,8941,4109,14,2,3,4,4.67,2.18,858,0.428,0.663,0,0
CUST165,9385,1633,8,0,3,2,0.67,5.75,211,0.378,0.523,0,0
CUST166,8710,2835,2,1,2,3,0.29,3.07,302,0.245,0.36,1,0
CUST167,6795,4195,11,0,3,0,1.83,1.62,1029,0.209,0.354,0,0
CUST168,5793,3571,7,0,2,0,2.33,1.62,300,0.275,0.395,1,0
CUST169,386,4370,4,5,3,3,4.0,0.09,163,0.202,0.322,0,0
CUST170,5234,4995,13,0,2,1,13.0,1.05,250,0.475,0.67,1,1
CUST171,9082,4244,2,0,3,4,0.18,2.14,34,0.343,0.458,0,1
CUST172,6080,1676,9,3,0,4,0.9,3.63,493,0.411,0.641,0,0
CUST173,8612,1201,11,0,4,4,1.22,7.17,1040,0.347,0.537,1,0
CUST174,566,856,12,2,2,5,6.0,0.66,732,0.464,0.709,1,0
CUST175,9245,1349,10,1,0,2,0.91,6.85,694,0.366,0.576,1,0
CUST176,1333,4306,15,5,1,1,15.0,0.31,938,0.282,0.512,0,1
CUST177,6824,2134,1,2,2,4,0.12,3.2,1113,0.072,0.192,0,0
CUST178,5738,2065,9,2,0,5,4.5,2.78,560,0.463,0.708,0,1
CUST179,8429,3776,14,3,2,1,1.75,2.23,1418,0.191,0.396,0,0
CUST180,7355,2684,2,5,3,0,0.67,2.74,1234,0.05,0.105,0,0
CUST181,7605,1155,10,5,2,2,0.83,6.58,1235,0.118,0.298,0,0
CUST182,7426,3379,14,0,2,4,1.27,2.2,563,0.557,0.807,0,0
CUST183,2921,1114,12,2,4,5,4.0,2.62,64,0.557,0.772,0,1
CUST184,6301,4089,1,1,0,1,0.14,1.54,742,0.092,0.197,0,1
CUST185,1559,1756,14,2,2,3,4.67,0.89,1176,0.345,0.58,0,1
CUST186,3348,2783,7,0,0,5,0.78,1.2,1023,0.37,0.595,0,1
CUST187,4978,2644,8,5,3,1,1.0,1.88,1422,0.05,0.18,0,1
CUST188,5536,1106,14,1,3,0,2.33,5.01,1368,0.191,0.366,0,0
CUST189,8635,2878,9,1,1,2,4.5,3.0,460,0.368,0.553,0,0
CUST190,9676,2439,15,0,2,4,1.88,3.97,756,0.544,0.804,0,1
CUST191,8142,1206,2,2,3,5,0.29,6.75,1077,0.125,0.255,0,0
CUST192,7932,1104,4,2,0,3,0.44,7.18,1393,0.091,0.256,0,0
CUST193,2334,1990,4,3,4,0,1.33,1.17,1062,0.05,0.11,0,0
CUST194,4405,2347,11,4,2,0,1.0,1.88,403,0.254,0.414,0,1
CUST195,9813,2980,2,4,1,4,0.67,3.29,316,0.227,0.372,0,0
CUST196,9749,3265,1,0,0,0,0.09,2.99,543,0.116,0.206,0,0
CUST197,5249,748,15,5,4,2,3.75,7.02,990,0.252,0.452,0,0
CUST198,7502,2936,14,0,0,1,1.75,2.56,852,0.42,0.655,0,1
CUST199,5958,1676,10,5,2,5,3.33,3.55,817,0.322,0.547,0,1
CUST200,4682,1369,10,1,3,0,2.5,3.42,921,0.181,0.316,1,1
CUST201,9764,3646,13,1,1,2,3.25,2.68,641,0.432,0.657,0,1
CUST202,679,4716,14,3,2,3,2.0,0.14,185,0.518,0.753,1,0
CUST203,8408,2262,11,0,0,2,1.0,3.72,1224,0.31,0.53,0,1
CUST204,6292,566,3,3,1,2,0.5,11.12,826,0.095,0.22,1,1
CUST205,6629,2094,11,4,2,0,1.38,3.17,1033,0.128,0.288,0,1
CUST206,5855,1473,4,0,3,2,0.67,3.97,1143,0.091,0.196,0,0
CUST207,937,4670,12,4,0,0,1.0,0.2,281,0.344,0.544,1,1
CUST208,5673,4243,4,4,4,1,0.67,1.34,1256,0.05,0.125,0,0
CUST209,8325,2951,10,4,4,4,2.0,2.82,1153,0.199,0.379,0,1
CUST210,736,3213,3,3,4,2,0.38,0.23,1223,0.05,0.13,0,0
CUST211,8889,2364,1,4,3,1,0.08,3.76,1289,0.05,0.11,0,0
CUST212,2100,1710,7,0,4,5,7.0,1.23,391,0.417,0.582,0,1
CUST213,8026,3882,6,3,4,4,0.5,2.07,128,0.329,0.469,1,1
CUST214,3137,3162,15,4,3,2,1.67,0.99,942,0.307,0.522,0,1
CUST215,9443,2665,15,1,1,2,3.75,3.54,612,0.488,0.733,0,0
CUST216,8161,2867,6,5,3,2,0.67,2.85,715,0.102,0.227,0,0
CUST217,9199,2740,9,0,4,5,1.29,3.36,778,0.389,0.574,0,0
CUST218,1594,1699,9,0,2,5,1.12,0.94,710,0.443,0.658,0,0
CUST219,4750,2252,6,4,2,4,3.0,2.11,282,0.314,0.484,0,0
CUST220,4114,2486,1,5,4,1,0.5,1.65,108,0.05,0.095,0,0
CUST221,6966,1323,4,0,4,1,0.5,5.27,1338,0.05,0.125,0,0
CUST222,9706,2853,10,2,0,0,1.11,3.4,476,0.305,0.485,0,0
CUST223,6804,805,5,3,1,0,1.67,8.45,1015,0.05,0.165,0,0
CUST224,2058,2871,1,0,2,4,0.2,0.72,687,0.208,0.328,0,0
CUST225,4770,4795,15,1,4,3,7.5,0.99,395,0.511,0.726,1,0
CUST226,9602,2607,5,0,2,2,1.25,3.68,1382,0.089,0.219,0,0
CUST227,6867,3821,13,4,2,0,6.5,1.8,1371,0.111,0.291,0,1
CUST228,4158,3150,7,0,2,3,1.4,1.32,915,0.272,0.437,0,1
CUST229,4171,593,8,5,2,5,0.73,7.03,128,0.409,0.614,1,1
CUST230,5133,3821,9,5,0,5,0.9,1.34,753,0.349,0.594,1,0
CUST231,7113,4417,4,3,4,2,0.44,1.61,1438,0.05,0.14,0,0
CUST232,8909,2289,7,5,4,0,0.78,3.89,915,0.05,0.14,0,1
CUST233,9683,1419,1,4,4,1,0.33,6.82,1100,0.05,0.095,0,0
CUST234,9854,4119,3,5,1,5,1.5,2.39,1002,0.13,0.3,0,0
CUST235,7784,955,14,1,4,3,14.0,8.15,1155,0.334,0.539,0,0
CUST236,3870,3024,0,3,2,0,0.0,1.28,1185,0.05,0.1,1,0
CUST237,5003,1022,1,0,3,0,0.33,4.9,838,0.05,0.095,0,0
CUST238,6454,3943,11,3,3,3,1.0,1.64,165,0.427,0.617,0,0
CUST239,6739,1589,11,0,1,4,3.67,4.24,1084,0.398,0.633,0,1
CUST240,9220,528,0,2,3,5,0.0,17.46,869,0.116,0.226,0,0
CUST241,2148,4273,11,1,2,1,1.0,0.5,66,0.437,0.612,1,0
CUST242,850,628,7,1,0,0,0.7,1.35,915,0.167,0.317,0,0
CUST243,9143,2504,1,3,3,1,1.0,3.65,445,0.05,0.11,0,0
CUST244,5553,2418,10,4,4,5,2.0,2.3,486,0.373,0.568,0,0
CUST245,1298,4770,7,3,2,2,0.7,0.27,1141,0.112,0.262,0,0
CUST246,6544,3999,15,0,2,5,2.5,1.64,1075,0.52,0.795,0,1
CUST247,4248,2956,12,1,4,3,2.4,1.44,462,0.423,0.608,0,1
CUST248,9430,4293,1,4,3,3,0.33,2.2,1086,0.05,0.14,0,0
CUST249,9075,3205,2,3,2,0,2.0,2.83,391,0.057,0.127,0,0
CUST250,9456,823,2,1,4,5,0.25,11.49,445,0.256,0.371,1,0
CUST251,2222,2983,0,1,1,5,0.0,0.74,981,0.159,0.299,0,0
CUST252,6536,3749,7,4,2,2,0.78,1.74,955,0.124,0.274,0,0
CUST253,7992,3446,15,3,0,5,3.75,2.32,656,0.569,0.874,1,1
CUST254,9868,2312,4,0,2,4,0.33,4.27,1187,0.183,0.333,0,1
CUST255,8480,3202,7,3,4,1,0.64,2.65,1128,0.05,0.155,0,0
CUST256,6070,4502,15,3,1,5,5.0,1.35,347,0.611,0.9,0,1
CUST257,1094,4941,1,4,0,0,0.14,0.22,14,0.122,0.212,0,0
CUST258,7771,1056,4,0,1,4,4.0,7.36,765,0.287,0.452,0,0
CUST259,9338,4458,15,0,0,4,15.0,2.09,843,0.566,0.856,1,1
CUST260,7354,4888,9,0,4,5,4.5,1.5,368,0.471,0.656,0,1
CUST261,6107,2474,6,4,4,2,0.86,2.47,548,0.14,0.25,1,0
CUST262,1620,4260,7,5,1,2,0.64,0.38,1339,0.05,0.215,0,1
CUST263,454,3606,12,4,3,0,4.0,0.13,1440,0.052,0.207,0,0
CUST264,3763,3213,3,4,0,1,0.3,1.17,1418,0.05,0.175,0,1
CUST265,839,1109,8,4,4,5,1.33,0.76,368,0.346,0.521,1,1
CUST266,9539,1681,12,0,2,1,1.2,5.67,493,0.401,0.586,0,1
CUST267,1584,4928,10,3,1,5,0.83,0.32,1026,0.35,0.59,0,1
CUST268,6799,4080,7,0,2,4,7.0,1.67,669,0.361,0.541,0,0
CUST269,6450,4190,15,1,2,4,5.0,1.54,885,0.493,0.753,0,1
CUST270,4690,1202,9,1,0,0,1.29,3.9,316,0.337,0.507,0,0
CUST271,385,3691,10,2,0,0,1.25,0.1,632,0.274,0.454,0,1
CUST272,9425,1585,2,1,3,3,0.22,5.95,1137,0.058,0.158,0,1
CUST273,6611,3399,2,4,4,2,0.4,1.94,26,0.145,0.215,0,0
CUST274,2574,2488,5,5,3,1,1.0,1.03,551,0.07,0.17,0,1
CUST275,8233,1869,13,2,3,2,2.17,4.41,158,0.463,0.658,1,1
CUST276,5291,4561,6,3,0,1,0.86,1.16,14,0.312,0.467,0,0
CUST277,2530,3199,14,2,3,5,2.33,0.79,616,0.517,0.767,0,1
CUST278,5075,4424,10,1,3,2,0.91,1.15,1424,0.16,0.325,0,0
CUST279,6280,2485,10,3,2,3,1.0,2.53,234,0.408,0.603,1,0
CUST280,3734,1973,0,5,3,5,0.0,1.89,898,0.05,0.16,0,1
CUST281,4439,3851,15,1,2,1,5.0,1.15,1349,0.28,0.495,0,0
CUST282,6866,1105,14,4,3,4,1.56,6.21,1095,0.331,0.566,0,0
CUST283,1692,3926,1,2,4,4,0.25,0.43,224,0.21,0.3,0,0
CUST284,472,862,12,2,3,0,2.4,0.55,202,0.35,0.505,1,0
CUST285,9943,2310,14,2,3,3,1.56,4.3,1415,0.277,0.497,1,0
CUST286,2201,4454,3,2,3,0,0.5,0.49,291,0.107,0.172,0,0
CUST287,7478,2194,15,2,3,0,1.88,3.41,1427,0.18,0.365,0,1
CUST288,2992,1442,0,2,0,5,0.0,2.07,500,0.25,0.405,1,1
CUST289,3322,3992,14,1,3,5,1.27,0.83,382,0.589,0.839,0,1
CUST290,372,2116,14,4,3,3,3.5,0.18,440,0.422,0.642,1,0
CUST291,5640,1012,3,4,1,2,0.38,5.57,404,0.154,0.279,1,0
CUST292,6731,4509,10,4,3,4,5.0,1.49,1203,0.209,0.404,0,0
CUST293,2494,1913,9,4,4,0,4.5,1.3,642,0.117,0.227,0,1
CUST294,2558,3558,4,4,3,3,0.57,0.72,1178,0.05,0.17,0,0
CUST295,5032,4902,5,4,1,3,1.67,1.03,288,0.267,0.427,0,0
CUST296,3496,939,11,0,3,1,1.22,3.72,787,0.298,0.458,0,0
CUST297,3040,4528,13,5,3,3,1.3,0.67,170,0.426,0.636,1,0
CUST298,5029,2892,1,2,1,4,0.12,1.74,345,0.246,0.381,0,0
CUST299,9198,4557,3,4,0,2,0.33,2.02,752,0.105,0.245,0,1
CUST300,4355,4115,6,3,0,5,6.0,1.06,610,0.353,0.568,0,1
CUST301,9932,1212,14,0,1,1,2.33,8.19,1412,0.288,0.508,0,0
CUST302,3690,4007,5,4,1,1,0.5,0.92,122,0.221,0.351,0,1
CUST303,9683,4913,5,2,2,2,0.56,1.97,548,0.205,0.335,0,0
CUST304,2378,1280,4,3,0,2,1.33,1.86,1437,0.05,0.2,0,0
CUST305,4702,2527,12,3,1,4,1.71,1.86,1286,0.308,0.553,0,1
CUST306,6346,1262,12,4,2,5,1.5,5.03,932,0.374,0.619,1,1
CUST307,9056,1263,14,5,2,0,3.5,7.17,815,0.222,0.412,0,0
CUST308,9267,4552,8,2,2,2,2.67,2.04,1184,0.153,0.313,0,0
CUST309,7829,3315,1,0,0,5,0.5,2.36,34,0.418,0.583,0,1
CUST310,2461,4239,0,3,1,5,0.0,0.58,1332,0.05,0.19,0,0
CUST311,1650,2744,2,5,2,2,0.18,0.6,762,0.05,0.15,0,0
CUST312,1794,3746,9,5,1,3,9.0,0.48,195,0.361,0.561,1,1
CUST313,5929,2352,14,0,0,5,2.0,2.52,247,0.7,0.9,1,1
CUST314,5433,2375,12,0,0,0,2.4,2.29,753,0.349,0.549,1,0
CUST315,438,1590,4,0,4,4,0.36,0.28,1250,0.13,0.25,0,0
CUST316,7548,2245,4,3,4,5,2.0,3.36,445,0.256,0.391,0,1
CUST317,2590,1508,12,2,3,2,2.4,1.72,508,0.368,0.553,0,1
CUST318,8782,2834,0,5,2,1,0.0,3.1,1243,0.05,0.115,0,0
CUST319,4249,947,7,3,3,0,0.64,4.49,1024,0.05,0.155,0,0
CUST320,9612,598,11,2,1,3,1.83,16.07,862,0.353,0.573,0,1
CUST321,525,4358,2,0,4,0,0.5,0.12,537,0.063,0.103,1,1
CUST322,7239,3760,9,5,4,3,1.29,1.93,1438,0.052,0.207,0,0
CUST323,8677,1750,8,0,2,0,2.67,4.96,417,0.277,0.407,0,1
CUST324,4209,1041,9,5,3,5,2.25,4.04,119,0.416,0.616,1,1
CUST325,507,4214,1,2,1,0,0.08,0.12,282,0.099,0.174,1,0
CUST326,4703,3340,8,1,2,1,8.0,1.41,242,0.327,0.472,0,1
CUST327,1562,4791,2,2,4,5,0.25,0.33,1017,0.117,0.232,0,1
CUST328,9702,1867,11,1,2,0,0.92,5.2,1381,0.134,0.294,1,0
CUST329,8029,521,1,0,1,0,0.14,15.41,746,0.056,0.131,0,0
CUST330,7119,789,13,1,2,1,2.6,9.02,656,0.369,0.564,0,0
CUST331,1052,1478,1,1,1,4,0.5,0.71,822,0.176,0.311,0,0
CUST332,430,3045,10,0,4,3,2.5,0.14,756,0.339,0.504,1,0
CUST333,3501,2487,14,2,4,3,3.5,1.41,1120,0.316,0.521,1,0
CUST334,457,695,7,4,2,5,7.0,0.66,687,0.298,0.493,0,1
CUST335,7178,3019,3,1,4,1,3.0,2.38,1008,0.05,0.115,0,0
CUST336,7067,2792,2,0,1,4,0.33,2.53,1436,0.103,0.248,0,0
CUST337,9997,1282,4,5,3,0,4.0,7.8,1163,0.05,0.125,0,0
CUST338,5645,2439,9,2,2,3,1.12,2.31,652,0.325,0.51,1,1
CUST339,2031,2160,4,4,0,1,0.5,0.94,337,0.173,0.308,0,0
CUST340,7891,4890,11,1,3,2,5.5,1.61,543,0.361,0.536,1,0
CUST341,1794,2992,1,1,2,1,0.17,0.6,509,0.098,0.173,0,1
CUST342,7708,2948,8,1,0,3,0.67,2.61,1139,0.267,0.472,0,1
CUST343,3941,1334,4,0,0,0,1.0,2.95,268,0.246,0.366,0,0
CUST344,3539,1188,8,0,0,0,1.0,2.98,1323,0.135,0.295,0,1
CUST345,3052,3216,3,0,3,0,0.43,0.95,1176,0.05,0.115,0,0
CUST346,6099,741,12,5,3,1,4.0,8.23,440,0.267,0.437,0,0
CUST347,4326,1717,1,4,4,4,0.2,2.52,1326,0.05,0.14,0,0
CUST348,2548,4424,1,0,2,3,0.25,0.58,859,0.133,0.238,0,0
CUST349,9221,2541,0,3,2,3,0.0,3.63,993,0.05,0.145,0,0
CUST350,3888,3681,8,1,0,2,1.6,1.06,61,0.443,0.633,1,0
CUST351,1940,4837,11,4,1,1,1.0,0.4,508,0.293,0.483,1,0
CUST352,3146,958,7,4,3,2,1.75,3.28,361,0.223,0.358,0,0
CUST353,9534,3439,0,5,2,4,0.0,2.77,292,0.137,0.247,0,0
CUST354,1778,4532,9,1,3,0,2.25,0.39,116,0.317,0.442,0,1
CUST355,2437,4415,0,2,4,1,0.0,0.55,698,0.05,0.085,0,0
CUST356,2620,3150,1,0,1,4,0.11,0.83,228,0.319,0.454,0,0
CUST357,5244,3560,12,4,0,2,4.0,1.47,661,0.348,0.578,0,0
CUST358,9507,4078,15,5,2,1,1.5,2.33,1421,0.166,0.381,0,1
CUST359,3211,1936,12,2,2,1,1.0,1.66,4,0.449,0.634,0,1
CUST360,3919,765,5,4,2,4,0.5,5.12,1310,0.083,0.243,0,0
CUST361,3050,3212,2,1,2,2,1.0,0.95,1303,0.05,0.15,0,0
CUST362,4388,3250,14,0,2,1,7.0,1.35,1420,0.266,0.471,0,0
CUST363,7175,510,1,3,3,5,0.14,14.07,341,0.222,0.342,0,0
CUST364,3995,4973,12,0,3,4,1.5,0.8,334,0.533,0.748,1,0
CUST365,1515,2915,0,2,2,0,0.0,0.52,701,0.05,0.1,0,0
CUST366,8209,1114,2,2,4,4,0.29,7.37,64,0.267,0.367,0,1
CUST367,3667,4056,5,0,0,2,0.71,0.9,390,0.327,0.487,0,0
CUST368,4191,4924,8,5,2,2,8.0,0.85,197,0.276,0.436,0,0
CUST369,7305,4521,4,0,2,0,0.8,1.62,180,0.224,0.314,0,0
CUST370,3098,4434,6,0,0,1,1.2,0.7,1308,0.128,0.283,0,0
CUST371,4641,1446,9,3,3,3,0.82,3.21,187,0.373,0.543,0,1
CUST372,4613,3624,11,1,3,0,1.38,1.27,901,0.21,0.355,0,0
CUST373,5932,1004,4,5,0,0,0.57,5.91,1109,0.05,0.17,0,0
CUST374,8079,999,12,4,3,4,3.0,8.09,1173,0.265,0.48,0,1
CUST375,3038,784,4,0,3,1,1.0,3.88,434,0.193,0.283,1,0
CUST376,4525,4066,6,5,1,4,0.5,1.11,655,0.234,0.419,0,1
CUST377,8814,3679,12,4,2,2,12.0,2.4,939,0.252,0.452,0,0
CUST378,2728,4780,13,0,3,1,1.3,0.57,1161,0.273,0.453,0,0
CUST379,9075,1320,3,4,0,2,0.43,6.88,705,0.114,0.254,0,0
CUST380,2656,4375,1,1,2,3,0.1,0.61,1267,0.05,0.155,0,0
CUST381,8085,3742,10,5,1,0,1.67,2.16,551,0.195,0.36,1,0
CUST382,1909,2982,9,2,3,5,3.0,0.64,467,0.422,0.622,1,0
CUST383,1762,3128,8,5,3,4,1.0,0.56,385,0.298,0.473,1,0
CUST384,1375,4468,11,0,4,1,0.92,0.31,638,0.307,0.452,0,1
CUST385,1244,4794,0,1,1,1,0.0,0.26,511,0.093,0.173,0,0
CUST386,6803,2131,8,2,3,4,4.0,3.19,1302,0.19,0.365,0,1
CUST387,9333,4504,14,1,3,4,2.33,2.07,717,0.482,0.717,1,0
CUST388,2969,1240,9,0,3,0,2.25,2.39,1172,0.131,0.256,0,0
CUST389,628,2193,8,5,3,4,8.0,0.29,1398,0.095,0.27,0,1
CUST390,5304,1918,0,1,2,4,0.0,2.77,1317,0.05,0.16,0,0
CUST391,5250,3356,14,2,1,3,1.56,1.56,1387,0.323,0.573,0,1
CUST392,4931,1338,0,4,2,4,0.0,3.69,612,0.098,0.208,0,1
CUST393,5195,2764,10,2,2,5,3.33,1.88,386,0.483,0.708,0,1
CUST394,2592,965,12,5,2,5,1.09,2.69,53,0.524,0.769,1,1
CUST395,9672,3928,12,3,0,4,2.0,2.46,389,0.507,0.767,0,1
CUST396,5218,4879,15,5,2,4,1.36,1.07,349,0.5,0.76,0,1
CUST397,9459,1299,15,1,2,5,1.36,7.28,375,0.635,0.9,0,1
CUST398,5728,2320,11,1,2,3,2.2,2.47,762,0.378,0.583,0,1
CUST399,1466,1464,15,0,4,4,3.75,1.0,968,0.461,0.691,0,0
CUST400,2550,3626,9,3,0,1,1.5,0.7,411,0.308,0.493,0,0
CUST401,8288,4248,4,2,1,0,0.36,1.95,682,0.094,0.199,0,0
CUST402,3062,975,0,3,2,1,0.0,3.14,1181,0.05,0.115,0,0
CUST403,7335,1221,4,4,3,5,0.57,6.01,827,0.175,0.325,0,0
CUST404,5579,809,6,5,2,0,1.5,6.9,1088,0.05,0.16,1,1
CUST405,2412,2538,7,5,2,2,1.0,0.95,211,0.248,0.398,0,1
CUST406,8824,1034,1,2,2,3,0.11,8.53,1222,0.05,0.155,0,0
CUST407,3001,1596,10,3,2,1,10.0,1.88,827,0.21,0.375,0,0
CUST408,8567,1574,6,5,0,4,3.0,5.44,347,0.316,0.516,0,0
CUST409,1096,806,12,5,2,4,12.0,1.36,1217,0.252,0.482,0,0
CUST410,7579,661,1,5,0,3,0.5,11.47,779,0.064,0.199,0,0
CUST411,7195,1754,6,5,0,2,3.0,4.1,1356,0.05,0.22,0,0
CUST412,2228,1623,13,0,4,5,6.5,1.37,579,0.529,0.754,0,1
CUST413,7013,2136,8,4,1,2,2.67,3.28,605,0.239,0.414,1,0
CUST414,508,2201,15,2,1,0,7.5,0.23,1376,0.23,0.445,0,0
CUST415,1959,4547,4,0,4,0,0.36,0.43,525,0.115,0.175,0,0
CUST416,3162,2925,8,3,0,0,1.6,1.08,81,0.309,0.469,0,0
CUST417,2567,3989,3,0,0,0,0.27,0.64,1359,0.05,0.16,0,0
CUST418,5915,4085,8,5,0,2,4.0,1.45,375,0.28,0.47,0,0
CUST419,3032,2726,12,5,3,3,4.0,1.11,232,0.389,0.589,0,1
CUST420,9621,1805,3,3,4,3,0.38,5.33,1390,0.05,0.145,0,0
CUST421,8297,3437,0,5,1,3,0.0,2.41,232,0.129,0.239,0,1
CUST422,9747,3074,0,5,4,5,0.0,3.17,1158,0.05,0.145,0,0
CUST423,5964,3271,3,3,1,3,0.27,1.82,1360,0.05,0.19,0,1
CUST424,7988,947,0,5,1,4,0.0,8.44,1016,0.05,0.175,0,0
CUST425,3948,2473,10,2,0,4,0.91,1.6,1128,0.334,0.574,0,0
CUST426,1742,1145,14,3,4,3,1.75,1.52,1021,0.311,0.516,0,0
CUST427,9428,645,3,3,3,0,3.0,14.62,1125,0.05,0.115,0,0
CUST428,6253,2995,6,5,3,2,1.5,2.09,112,0.223,0.348,0,1
CUST429,1896,4375,11,5,3,0,2.75,0.43,1350,0.05,0.195,1,0
CUST430,2989,2891,11,5,0,0,3.67,1.03,1009,0.148,0.338,0,0
CUST431,3372,3852,3,2,4,1,0.43,0.88,248,0.135,0.2,0,0
CUST432,9947,2061,10,0,3,0,1.25,4.83,253,0.339,0.474,0,0
CUST433,1095,4630,4,3,0,4,0.57,0.24,1134,0.158,0.338,0,0
CUST434,2403,4664,5,5,4,1,0.71,0.52,213,0.117,0.202,0,0
CUST435,4367,3136,12,3,4,5,1.71,1.39,561,0.433,0.648,0,0
CUST436,8693,4209,4,1,3,4,0.33,2.07,613,0.252,0.387,0,1
CUST437,5060,2280,6,1,4,5,1.0,2.22,1407,0.164,0.319,0,1
CUST438,9512,1956,10,5,0,2,1.0,4.86,984,0.208,0.418,0,0
CUST439,2044,3919,9,3,0,4,1.29,0.52,52,0.5,0.73,1,1
CUST440,4405,2137,8,1,2,5,8.0,2.06,300,0.475,0.68,0,1
CUST441,9505,4933,1,2,3,0,0.08,1.93,460,0.05,0.095,0,0
CUST442,6649,4685,9,5,0,3,0.82,1.42,854,0.249,0.464,0,0
CUST443,3995,606,8,1,4,3,0.67,6.59,1298,0.155,0.3,0,0
CUST444,7653,4977,6,5,1,2,0.55,1.54,364,0.212,0.367,1,0
CUST445,4872,4709,3,3,0,3,0.6,1.03,1140,0.092,0.247,0,0
CUST446,2836,2589,0,2,3,5,0.0,1.1,82,0.274,0.384,0,0
CUST447,1494,2967,15,4,4,2,1.67,0.5,651,0.345,0.545,1,1
CUST448,6909,1058,5,3,4,4,0.83,6.53,189,0.292,0.422,1,1
CUST449,8991,3218,10,2,2,1,1.11,2.79,973,0.205,0.37,0,0
CUST450,4237,572,3,5,2,3,0.3,7.41,1316,0.05,0.175,0,0
CUST451,4503,826,10,3,0,3,0.83,5.45,1107,0.274,0.499,0,0
CUST452,3454,3571,14,3,0,2,1.56,0.97,657,0.424,0.674,1,1
CUST453,3792,4907,0,5,0,1,0.0,0.77,1404,0.05,0.145,0,0
CUST454,7823,4065,2,5,1,0,2.0,1.92,680,0.05,0.135,0,1
CUST455,6978,2563,2,4,1,2,0.25,2.72,795,0.051,0.166,0,0
CUST456,396,638,12,5,0,4,1.0,0.62,1314,0.272,0.532,0,0
CUST457,5048,872,2,2,4,0,0.4,5.79,1405,0.05,0.09,0,0
CUST458,2861,4085,12,3,0,3,3.0,0.7,1093,0.326,0.571,1,1
CUST459,6413,4970,9,5,1,2,1.0,1.29,23,0.355,0.54,0,1
CUST460,9100,842,0,4,4,3,0.0,10.81,1122,0.05,0.115,0,0
CUST461,2937,3316,6,3,4,1,1.5,0.89,377,0.16,0.255,0,1
CUST462,9292,1438,5,5,4,0,0.45,6.46,945,0.05,0.12,0,0
CUST463,9812,1051,8,0,1,5,1.33,9.34,998,0.38,0.6,1,0
CUST464,3470,2421,3,2,4,0,0.38,1.43,651,0.05,0.1,0,0
CUST465,5482,3004,4,4,4,2,1.33,1.82,878,0.05,0.14,1,0
CUST466,5732,2314,13,2,2,1,1.62,2.48,983,0.278,0.473,0,0
CUST467,4897,4489,3,1,4,0,0.33,1.09,287,0.113,0.163,0,0
CUST468,811,1126,2,0,4,5,0.2,0.72,1192,0.132,0.247,0,0
CUST469,2735,800,8,4,4,3,1.14,3.42,750,0.19,0.335,0,0
CUST470,1783,2883,4,3,4,4,0.67,0.62,813,0.142,0.262,0,0
CUST471,9579,1858,4,3,1,1,0.36,5.16,1159,0.05,0.17,0,1
CUST472,4096,4460,11,0,1,3,2.2,0.92,129,0.549,0.769,1,1
CUST473,1060,2193,11,3,3,3,1.0,0.48,82,0.444,0.634,1,0
CUST474,9218,4771,8,5,2,4,2.67,1.93,1168,0.161,0.351,0,0
CUST475,6949,1137,8,3,1,4,1.33,6.11,723,0.32,0.525,0,1
CUST476,1563,554,4,3,1,1,0.36,2.82,1054,0.05,0.17,0,1
CUST477,4073,1789,11,4,0,5,1.83,2.28,850,0.405,0.67,0,1
CUST478,7032,4422,15,1,4,1,3.75,1.59,46,0.501,0.686,1,1
CUST479,9676,1819,4,5,4,0,4.0,5.32,301,0.05,0.11,0,0
CUST480,605,4732,12,4,4,5,2.4,0.13,1356,0.249,0.464,0,1
CUST481,2638,4361,15,1,1,3,5.0,0.6,1194,0.411,0.671,0,1
CUST482,1427,1873,10,3,4,4,1.43,0.76,471,0.361,0.541,0,1
CUST483,3206,2157,13,1,4,0,1.3,1.49,975,0.225,0.375,0,0
CUST484,2435,4853,3,0,3,5,0.33,0.5,1236,0.168,0.308,0,0
CUST485,8980,4034,13,2,0,5,3.25,2.23,879,0.499,0.784,0,1
CUST486,7271,3623,11,4,4,0,2.2,2.01,275,0.24,0.37,0,1
CUST487,4523,1186,9,4,4,3,9.0,3.81,388,0.287,0.442,0,0
CUST488,3665,4780,3,4,0,3,0.5,0.77,1409,0.05,0.205,0,1
CUST489,9551,3990,8,2,4,3,0.8,2.39,749,0.24,0.385,0,0
CUST490,3228,2168,13,4,4,3,1.44,1.49,759,0.313,0.508,0,1
CUST491,2562,3012,11,5,3,5,5.5,0.85,1351,0.22,0.44,0,0
CUST492,5844,1825,3,1,4,3,0.3,3.2,1128,0.064,0.159,0,0
CUST493,2681,1816,12,5,0,0,1.2,1.48,966,0.182,0.382,0,1
CUST494,6596,2316,11,0,4,0,1.1,2.85,821,0.231,0.361,0,1
CUST495,475,970,5,5,3,3,0.45,0.49,414,0.177,0.307,0,0
CUST496,4095,2095,1,4,4,4,0.33,1.95,1260,0.05,0.14,0,0
CUST497,6085,502,5,0,2,3,0.71,12.12,1372,0.131,0.276,0,1
CUST498,9460,625,2,0,4,2,0.33,15.14,1194,0.05,0.12,0,0
CUST499,376,2353,6,3,3,4,2.0,0.16,535,0.268,0.423,0,1
CUST500,4522,1092,9,2,0,4,0.9,4.14,1102,0.315,0.545,1,1
CUST501,7848,3589,15,1,2,3,15.0,2.19,1202,0.39,0.635,0,1
CUST502,7057,3634,7,5,1,2,0.78,1.94,724,0.165,0.33,0,0
CUST503,5903,2657,7,2,0,3,0.78,2.22,156,0.414,0.609,0,1
CUST504,3415,3396,6,4,2,1,0.5,1.01,1022,0.05,0.175,0,0
CUST505,6133,2674,6,1,1,1,3.0,2.29,320,0.281,0.421,1,1
CUST506,6381,4535,0,4,0,3,0.0,1.41,1272,0.05,0.175,0,0
CUST507,6818,2750,15,1,4,2,1.5,2.48,455,0.459,0.659,1,1
CUST508,5989,3966,15,4,0,4,1.36,1.51,807,0.474,0.764,0,1
CUST509,3752,1486,14,2,0,0,1.4,2.52,778,0.344,0.564,1,1
CUST510,4713,2627,5,4,2,1,0.5,1.79,966,0.05,0.165,0,0
CUST511,6863,3972,6,3,2,2,0.75,1.73,573,0.2,0.34,1,1
CUST512,9398,2372,3,5,2,1,0.43,3.96,886,0.05,0.145,0,0
CUST513,8485,1725,15,0,1,3,1.36,4.92,276,0.62,0.88,1,1
CUST514,1081,4486,9,2,4,4,4.5,0.24,816,0.292,0.462,0,1
CUST515,5783,2583,15,5,0,3,2.5,2.24,533,0.463,0.738,1,1
CUST516,6052,2611,11,0,3,0,1.1,2.32,1392,0.137,0.282,0,0
CUST517,8663,4910,5,2,2,2,0.42,1.76,999,0.115,0.245,0,1
CUST518,5827,2847,14,5,1,1,1.27,2.05,864,0.272,0.492,0,1
CUST519,5436,1084,2,1,2,1,0.18,5.01,649,0.095,0.18,0,0
CUST520,9916,3739,8,3,2,5,1.0,2.65,1067,0.272,0.477,0,1
CUST521,4422,689,4,5,1,5,0.33,6.42,1436,0.068,0.248,0,1
CUST522,1181,1343,3,0,3,4,0.43,0.88,54,0.364,0.489,0,0
CUST523,6687,1351,8,4,1,0,2.0,4.95,634,0.153,0.298,0,1
CUST524,875,1535,4,4,1,0,0.67,0.57,1359,0.05,0.155,0,0
CUST525,7588,4400,14,4,2,4,1.17,1.72,277,0.515,0.765,0,1
CUST526,5988,4240,13,4,4,2,1.44,1.41,987,0.228,0.408,1,1
CUST527,5273,3022,11,3,2,1,11.0,1.74,22,0.396,0.571,0,0
CUST528,436,1616,11,2,3,4,1.38,0.27,1409,0.243,0.448,0,0
CUST529,418,574,13,2,4,1,2.17,0.73,1123,0.21,0.375,1,0
CUST530,6685,4080,12,1,1,5,3.0,1.64,775,0.5,0.76,1,1
CUST531,7065,2462,8,2,4,2,4.0,2.87,386,0.273,0.403,1,1
CUST532,3376,4230,14,2,4,3,14.0,0.8,657,0.409,0.614,1,0
CUST533,2348,681,5,0,2,2,0.42,3.45,898,0.185,0.315,1,1
CUST534,5404,620,15,1,2,3,2.5,8.72,1021,0.426,0.671,0,0
CUST535,6729,3205,2,1,0,2,0.22,2.1,147,0.276,0.406,0,1
CUST536,4378,2548,12,0,0,5,1.5,1.72,789,0.542,0.817,1,0
CUST537,3715,2131,14,5,0,4,2.0,1.74,969,0.391,0.671,0,1
CUST538,9304,3146,5,5,0,5,2.5,2.96,1067,0.187,0.392,0,0
CUST539,4166,2127,11,0,1,0,1.57,1.96,1297,0.196,0.371,0,1
CUST540,988,2761,3,3,1,0,0.25,0.36,1191,0.05,0.145,0,0
CUST541,1797,3542,2,1,1,3,0.2,0.51,1405,0.05,0.18,0,0
CUST542,9087,991,1,2,1,5,0.33,9.17,220,0.311,0.461,0,1
CUST543,6489,3345,14,5,1,0,1.17,1.94,734,0.258,0.463,1,0
CUST544,8329,4475,14,4,2,4,1.4,1.86,389,0.492,0.742,1,1
CUST545,1428,4337,8,4,4,1,2.67,0.33,1088,0.05,0.165,0,0
CUST546,8589,4936,11,3,0,5,0.92,1.74,777,0.445,0.71,1,1
CUST547,9130,3482,7,2,0,5,1.75,2.62,794,0.366,0.591,0,1
CUST548,5576,1762,9,2,3,5,4.5,3.16,227,0.47,0.67,0,1
CUST549,8252,1563,5,0,1,0,2.5,5.28,393,0.226,0.341,1,0
CUST550,9971,3683,15,4,4,5,15.0,2.71,525,0.49,0.735,1,1
CUST551,7968,1080,0,1,3,0,0.0,7.38,1309,0.05,0.085,0,0
CUST552,4655,3907,11,5,0,4,11.0,1.19,1084,0.293,0.543,0,0
CUST553,4084,1138,6,4,0,0,0.86,3.59,1089,0.05,0.19,0,0
CUST554,2028,2537,5,4,4,3,0.5,0.8,1308,0.05,0.165,0,0
CUST555,6879,3998,3,1,1,4,0.5,1.72,1034,0.183,0.338,0,0
CUST556,6390,4129,11,2,4,2,1.0,1.55,845,0.256,0.416,0,0
CUST557,4462,2471,6,3,4,5,0.75,1.81,738,0.247,0.402,0,1
CUST558,2513,783,9,4,0,4,9.0,3.21,619,0.361,0.591,1,1
CUST559,8676,3079,0,5,2,4,0.0,2.82,1140,0.05,0.16,0,1
CUST560,4641,809,14,2,1,1,1.4,5.74,752,0.37,0.59,1,1
CUST561,3862,2960,2,4,3,4,0.17,1.3,159,0.218,0.333,0,0
CUST562,9741,4499,3,4,2,0,1.5,2.17,782,0.05,0.13,0,0
CUST563,4014,3239,11,3,3,0,1.1,1.24,1337,0.073,0.218,0,0
CUST564,5531,3633,1,2,4,0,0.1,1.52,1106,0.05,0.08,0,0
CUST565,9724,2308,4,0,3,3,2.0,4.21,1034,0.153,0.273,0,0
CUST566,8096,3730,4,1,2,0,0.33,2.17,1171,0.05,0.14,1,0
CUST567,2436,1196,12,4,3,5,1.5,2.04,277,0.485,0.715,0,1
CUST568,7346,2106,7,1,0,2,0.64,3.49,663,0.297,0.477,0,1
CUST569,5554,3888,13,2,2,1,1.3,1.43,706,0.334,0.529,0,0
CUST570,2689,1886,11,4,3,4,11.0,1.43,903,0.294,0.499,0,1
CUST571,1193,3562,4,5,0,0,0.4,0.33,498,0.075,0.195,0,0
CUST572,7673,2856,0,2,0,2,0.0,2.69,965,0.05,0.16,0,0
CUST573,9291,2235,6,4,4,2,0.6,4.16,990,0.052,0.162,0,1
CUST574,4485,650,12,4,4,0,12.0,6.9,349,0.25,0.39,0,0
CUST575,6667,2722,1,3,0,0,0.2,2.45,1353,0.05,0.14,0,0
CUST576,6632,3450,3,0,2,5,0.43,1.92,474,0.34,0.495,0,0
CUST577,3354,3084,15,4,4,0,1.67,1.09,408,0.313,0.483,0,0
CUST578,5765,676,1,1,4,2,0.14,8.53,1004,0.05,0.11,0,1
CUST579,8512,3382,11,5,2,1,11.0,2.52,565,0.237,0.412,0,0
CUST580,6736,741,8,1,1,2,2.67,9.09,1346,0.166,0.341,1,0
CUST581,7287,2363,13,1,4,1,1.3,3.08,640,0.332,0.497,1,0
CUST582,3614,2193,4,4,4,5,0.8,1.65,283,0.263,0.398,0,0
CUST583,5501,1607,13,1,4,1,1.44,3.42,139,0.432,0.597,0,0
CUST584,7083,2008,10,1,0,2,2.0,3.53,843,0.336,0.546,0,0
CUST585,3326,2742,4,1,0,1,0.4,1.21,54,0.304,0.439,0,0
CUST586,1602,2391,7,1,0,2,0.88,0.67,1410,0.148,0.328,1,0
CUST587,8063,4340,11,1,3,3,3.67,1.86,282,0.454,0.644,1,1
CUST588,3623,622,8,3,1,5,4.0,5.82,419,0.421,0.641,1,0
CUST589,4343,4098,15,5,2,3,2.14,1.06,876,0.355,0.6,0,0
CUST590,9670,3616,10,3,4,5,1.11,2.67,1217,0.252,0.447,0,0
CUST591,4325,815,3,3,3,0,0.33,5.31,1063,0.05,0.115,0,0
CUST592,6821,3673,1,1,2,3,0.2,1.86,624,0.155,0.26,0,0
CUST593,8502,946,4,3,3,0,1.33,8.99,232,0.119,0.194,0,0
CUST594,7687,4976,4,3,3,2,1.33,1.54,52,0.235,0.34,0,0
CUST595,2986,2154,14,0,2,2,7.0,1.39,254,0.539,0.759,1,1
CUST596,8683,3473,2,4,3,5,0.67,2.5,1254,0.05,0.18,0,0
CUST597,2669,1899,10,4,1,1,0.83,1.41,367,0.297,0.477,1,1
CUST598,2455,4155,9,5,1,0,9.0,0.59,416,0.197,0.352,0,1
CUST599,8384,4257,15,3,4,0,3.75,1.97,488,0.322,0.492,0,1
CUST600,407,3859,14,0,4,4,1.56,0.11,502,0.53,0.75,1,1
CUST601,6018,2200,1,1,1,0,0.33,2.74,76,0.165,0.24,0,0
CUST602,7131,2944,10,0,0,0,3.33,2.42,366,0.377,0.557,0,0
CUST603,887,1953,14,5,4,2,2.8,0.45,191,0.387,0.577,1,0
CUST604,8013,1054,13,4,0,2,6.5,7.6,276,0.45,0.69,0,1
CUST605,3725,4817,13,4,1,5,13.0,0.77,1254,0.354,0.624,1,0
CUST606,5005,4833,2,3,4,5,0.2,1.04,875,0.12,0.235,0,0
CUST607,8814,3398,4,4,4,3,0.5,2.59,1295,0.05,0.155,0,0
CUST608,692,2406,9,1,0,0,0.82,0.29,953,0.209,0.379,0,0
CUST609,6028,2198,13,3,0,2,1.18,2.74,1148,0.3,0.54,1,0
CUST610,8601,2807,8,0,2,2,1.33,3.06,1127,0.215,0.375,0,1
CUST611,777,3230,10,3,4,4,2.5,0.24,360,0.383,0.563,1,1
CUST612,2845,4424,15,0,1,3,1.88,0.64,1285,0.418,0.678,0,1
CUST613,5204,3245,14,3,0,4,1.17,1.6,1158,0.403,0.683,0,1
CUST614,1384,653,6,4,2,2,1.2,2.12,306,0.229,0.369,0,1
CUST615,3370,3573,5,4,4,3,2.5,0.94,1219,0.05,0.165,0,0
CUST616,8443,3076,1,2,3,0,0.17,2.74,487,0.05,0.095,0,0
CUST617,912,2270,9,1,0,2,4.5,0.4,414,0.397,0.597,0,1
CUST618,8879,4453,4,1,2,3,0.67,1.99,636,0.228,0.363,1,0
CUST619,6650,4728,4,1,0,3,2.0,1.41,1070,0.181,0.346,1,0
CUST620,8829,1213,10,3,0,0,0.83,7.28,1350,0.105,0.285,0,0
CUST621,4995,3057,6,2,1,1,0.67,1.63,567,0.207,0.347,0,0
CUST622,2175,1463,8,1,1,2,0.8,1.49,32,0.429,0.604,0,1
CUST623,2619,4944,11,4,2,2,1.1,0.53,581,0.299,0.489,1,1
CUST624,8012,3274,14,0,1,0,14.0,2.45,1384,0.253,0.458,1,1
CUST625,7604,3993,12,1,4,4,2.0,1.9,1263,0.302,0.502,0,0
CUST626,1822,4870,2,3,4,1,0.25,0.37,1431,0.05,0.105,0,0
CUST627,4527,4312,15,1,1,1,2.14,1.05,745,0.421,0.651,1,0
CUST628,1370,3206,10,3,3,0,5.0,0.43,974,0.12,0.255,0,0
CUST629,2387,1899,9,2,4,4,4.5,1.26,1041,0.247,0.417,0,0
CUST630,9028,1376,10,4,0,2,1.43,6.56,945,0.241,0.451,0,1
CUST631,5882,2496,5,3,3,0,0.42,2.36,427,0.105,0.19,0,0
CUST632,1576,4066,10,4,1,1,1.25,0.39,1176,0.135,0.315,1,0
CUST633,6948,3165,3,3,1,2,0.3,2.2,143,0.231,0.356,1,0
CUST634,3865,3604,10,3,0,0,1.0,1.07,285,0.318,0.498,0,0
CUST635,9004,501,4,5,1,3,0.57,17.97,597,0.156,0.306,0,0
CUST636,5289,2184,10,2,4,5,0.83,2.42,891,0.342,0.537,0,1
CUST637,2389,1231,0,4,4,3,0.0,1.94,603,0.05,0.115,0,0
CUST638,2097,935,0,5,4,2,0.0,2.24,578,0.05,0.1,0,0
CUST639,6551,3729,10,5,3,3,1.11,1.76,892,0.207,0.387,0,1
CUST640,7135,1639,6,4,3,2,1.2,4.35,316,0.207,0.332,0,0
CUST641,8274,1600,0,0,0,1,0.0,5.17,1348,0.05,0.145,0,1
CUST642,3245,1624,13,3,4,3,1.44,2.0,931,0.304,0.499,0,0
CUST643,421,3651,11,1,1,3,1.38,0.12,1184,0.313,0.533,0,1
CUST644,6312,4610,8,3,4,4,8.0,1.37,69,0.391,0.551,0,0
CUST645,8924,1427,15,5,0,1,1.88,6.25,573,0.375,0.62,0,1
CUST646,9134,1224,7,3,0,5,1.4,7.46,1188,0.262,0.487,0,0
CUST647,7987,4882,0,3,3,4,0.0,1.64,1176,0.05,0.145,0,0
CUST648,5281,2913,9,1,0,5,1.8,1.81,1155,0.369,0.614,1,1
CUST649,747,1885,1,5,2,5,0.12,0.4,588,0.142,0.277,1,0
CUST650,4809,2776,8,1,4,2,8.0,1.73,527,0.27,0.4,0,0
CUST651,4169,1738,14,2,1,2,4.67,2.4,994,0.361,0.596,0,0
CUST652,8425,3308,2,1,4,1,0.29,2.55,846,0.05,0.105,0,0
CUST653,4631,1870,6,4,2,0,6.0,2.48,238,0.162,0.272,0,0
CUST654,6522,2968,15,5,4,1,1.25,2.2,1400,0.13,0.315,0,1
CUST655,6558,4845,13,0,2,3,2.17,1.35,1390,0.327,0.552,0,0
CUST656,4766,836,3,4,2,3,0.6,5.7,687,0.118,0.243,0,1
CUST657,9945,3704,14,5,1,5,1.56,2.68,400,0.525,0.805,1,1
CUST658,438,1973,10,4,0,5,10.0,0.22,140,0.522,0.777,1,1
CUST659,3463,4153,11,1,2,2,11.0,0.83,70,0.476,0.666,0,1
CUST660,2428,2276,3,5,0,0,0.27,1.07,770,0.05,0.16,0,0
CUST661,5126,2013,3,5,1,2,0.27,2.55,957,0.05,0.175,0,0
CUST662,2953,2764,13,5,2,2,2.6,1.07,152,0.41,0.62,0,1
CUST663,7518,3225,1,2,2,1,0.12,2.33,143,0.146,0.221,0,1
CUST664,2657,3716,5,5,3,0,0.71,0.72,1108,0.05,0.135,0,0
CUST665,1453,4117,8,0,0,0,0.67,0.35,1171,0.166,0.326,0,0
CUST666,6697,4577,4,5,0,0,1.33,1.46,546,0.066,0.186,0,0
CUST667,1448,530,15,3,3,3,3.75,2.73,1107,0.339,0.569,1,0
CUST668,5763,4449,3,4,4,2,0.6,1.3,1397,0.05,0.13,0,0
CUST669,7830,1242,11,4,2,0,1.0,6.3,594,0.216,0.376,1,0
CUST670,6186,3647,6,2,3,0,3.0,1.7,997,0.05,0.145,0,0
CUST671,4207,2052,4,0,1,0,0.57,2.05,1002,0.08,0.185,1,0
CUST672,906,3020,15,4,3,0,15.0,0.3,695,0.276,0.461,0,0
CUST673,9091,3821,3,1,4,3,0.25,2.38,306,0.229,0.324,0,0
CUST674,1050,802,4,3,0,3,0.33,1.31,498,0.245,0.41,0,1
CUST675,3096,909,9,0,3,4,4.5,3.41,1211,0.283,0.468,0,1
CUST676,5827,4572,7,0,1,3,1.0,1.27,1390,0.197,0.377,0,0
CUST677,3141,4971,4,2,1,0,2.0,0.63,688,0.092,0.197,0,1
CUST678,3003,3900,5,5,2,4,1.25,0.77,899,0.14,0.3,0,1
CUST679,1622,1318,12,1,0,3,12.0,1.23,14,0.592,0.837,1,1
CUST680,2379,2824,13,5,3,5,4.33,0.84,423,0.455,0.695,0,1
CUST681,916,3875,7,1,4,5,2.33,0.24,1222,0.226,0.391,0,0
CUST682,9437,1221,9,2,3,0,2.25,7.73,483,0.218,0.343,1,0
CUST683,7905,1283,11,4,4,1,1.0,6.16,1283,0.078,0.223,0,1
CUST684,3188,1423,4,5,3,3,0.36,2.24,328,0.169,0.289,0,1
CUST685,5777,3483,9,1,3,2,1.12,1.66,1264,0.167,0.322,1,0
CUST686,8736,4902,5,1,0,3,2.5,1.78,238,0.372,0.547,0,0
CUST687,2104,3170,13,1,2,1,3.25,0.66,668,0.366,0.561,1,0
CUST688,9886,2138,12,1,0,3,12.0,4.62,993,0.396,0.641,0,1
CUST689,7799,4227,5,3,2,1,0.45,1.85,398,0.17,0.285,0,1
CUST690,4897,3251,4,0,4,0,2.0,1.51,280,0.164,0.224,0,0
CUST691,2868,1902,10,1,2,4,1.0,1.51,1307,0.284,0.494,0,0
CUST692,3846,2381,2,3,4,3,0.25,1.62,1212,0.05,0.135,0,0
CUST693,9793,4007,7,1,2,3,0.7,2.44,456,0.339,0.504,0,0
CUST694,8561,541,13,0,0,3,1.86,15.82,69,0.631,0.886,1,1
CUST695,9450,1302,14,3,1,0,1.17,7.26,26,0.45,0.655,0,0
CUST696,1786,1587,11,2,1,5,1.38,1.13,33,0.598,0.848,0,1
CUST697,6941,4262,0,3,3,1,0.0,1.63,379,0.05,0.1,0,0
CUST698,835,511,2,3,2,4,0.29,1.63,608,0.173,0.303,0,0
CUST699,5800,4943,6,5,0,4,0.67,1.17,113,0.362,0.562,0,0
CUST700,969,922,3,3,2,3,0.5,1.05,749,0.13,0.255,0,0
CUST701,9141,1048,6,1,2,1,0.55,8.72,233,0.278,0.403,0,0
CUST702,8550,2218,7,2,2,2,1.0,3.85,1394,0.086,0.236,0,1
CUST703,2310,3328,14,3,4,4,1.17,0.69,963,0.362,0.582,0,0
CUST704,1375,2894,14,4,2,5,1.75,0.48,386,0.533,0.798,1,1
CUST705,4821,1964,9,0,0,1,0.75,2.45,230,0.419,0.604,1,1
CUST706,9170,2173,0,2,3,5,0.0,4.22,271,0.236,0.346,0,0
CUST707,4106,675,9,1,0,0,0.82,6.08,1065,0.187,0.357,0,0
CUST708,7595,3173,15,4,4,4,3.0,2.39,938,0.367,0.597,0,0
CUST709,6393,3010,5,2,1,3,5.0,2.12,591,0.257,0.417,1,1
CUST710,3286,1862,5,5,4,2,0.42,1.76,360,0.128,0.228,0,0
CUST711,5487,1757,5,1,0,0,1.67,3.12,1177,0.065,0.195,0,0
CUST712,2723,2180,1,5,2,2,0.12,1.25,764,0.05,0.14,0,0
CUST713,2681,2970,3,0,3,3,0.5,0.9,939,0.147,0.257,0,0
CUST714,5048,4974,10,5,2,3,0.91,1.01,1175,0.17,0.365,1,0
CUST715,8147,4121,10,5,0,5,3.33,1.98,83,0.508,0.763,0,1
CUST716,6155,703,12,4,1,3,2.0,8.76,190,0.462,0.692,1,1
CUST717,1669,4812,7,2,1,0,0.88,0.35,1103,0.084,0.219,0,0
CUST718,8681,4692,12,1,3,2,1.09,1.85,115,0.472,0.657,1,1
CUST719,4963,4003,11,3,2,0,1.83,1.24,707,0.219,0.379,0,0
CUST720,7109,1217,6,5,3,5,1.2,5.84,907,0.184,0.354,1,0
CUST721,1710,3972,13,1,4,4,3.25,0.43,295,0.521,0.731,1,0
CUST722,1749,4803,10,0,4,3,1.43,0.36,14,0.487,0.652,0,1
CUST723,3564,1932,14,5,4,1,2.0,1.84,381,0.309,0.484,1,0
CUST724,7893,2973,9,3,4,5,9.0,2.65,460,0.378,0.563,0,1
CUST725,3238,2958,15,0,2,3,1.25,1.09,1008,0.453,0.698,0,1
CUST726,6227,2770,15,0,4,5,1.88,2.25,1191,0.457,0.702,0,0
CUST727,9725,4399,3,2,4,5,0.6,2.21,36,0.338,0.463,1,1
CUST728,2975,3118,14,5,1,2,2.8,0.95,109,0.463,0.698,1,1
CUST729,1558,3416,1,2,2,4,0.25,0.46,1053,0.084,0.204,0,1
CUST730,5232,1274,5,4,2,2,0.45,4.11,556,0.154,0.284,0,0
CUST731,8789,4877,11,1,0,1,1.83,1.8,577,0.375,0.58,0,1
CUST732,3922,1835,3,1,1,4,0.33,2.14,386,0.313,0.468,0,0
CUST733,2209,4806,3,3,3,0,3.0,0.46,269,0.086,0.151,0,0
CUST734,5904,3470,4,3,4,4,0.33,1.7,353,0.234,0.354,0,0
CUST735,4012,1471,7,1,1,5,2.33,2.73,630,0.404,0.614,1,0
CUST736,7365,3980,3,0,0,3,0.75,1.85,88,0.377,0.532,1,0
CUST737,1009,4706,1,3,0,2,0.2,0.21,136,0.203,0.323,0,0
CUST738,6059,1514,6,4,1,1,3.0,4.0,60,0.258,0.398,1,0
CUST739,4262,2772,11,2,1,4,1.1,1.54,1035,0.358,0.593,1,0
CUST740,3114,614,6,5,1,2,6.0,5.07,1101,0.065,0.22,0,1
CUST741,7503,2253,15,2,4,1,7.5,3.33,1380,0.209,0.394,1,1
CUST742,6977,3609,13,1,4,1,2.17,1.93,232,0.414,0.579,1,1
CUST743,965,1613,15,2,2,4,2.5,0.6,169,0.611,0.871,1,1
CUST744,9375,4243,9,5,3,1,1.8,2.21,835,0.113,0.253,0,0
CUST745,509,1070,15,5,2,1,1.88,0.48,1381,0.174,0.389,0,0
CUST746,6863,4781,2,0,1,3,0.2,1.44,1424,0.065,0.195,0,0
CUST747,3581,1882,2,2,1,2,0.29,1.9,1219,0.05,0.165,0,0
CUST748,4772,4588,8,5,4,4,1.14,1.04,1319,0.091,0.251,0,0
CUST749,7748,3813,15,4,2,1,7.5,2.03,222,0.431,0.646,1,1
CUST750,8461,1602,0,0,0,0,0.0,5.28,1389,0.05,0.13,0,0
CUST751,1878,3178,4,2,4,4,0.36,0.59,157,0.299,0.419,0,0
CUST752,8570,4317,6,2,3,3,0.67,1.99,536,0.253,0.393,0,0
CUST753,6585,4977,0,0,3,0,0.0,1.32,922,0.05,0.085,0,0
CUST754,5265,794,1,1,4,5,0.12,6.63,337,0.253,0.358,0,1
CUST755,8337,3687,15,0,4,5,1.67,2.26,1352,0.425,0.67,0,1
CUST756,4615,4398,5,4,0,3,0.5,1.05,1014,0.142,0.317,0,0
CUST757,9974,3389,9,2,0,0,3.0,2.94,93,0.356,0.526,0,1
CUST758,5954,720,10,3,0,3,1.43,8.27,732,0.349,0.574,0,0
CUST759,1691,2528,7,5,2,4,3.5,0.67,1410,0.088,0.268,0,1
CUST760,7851,1890,0,4,2,0,0.0,4.15,1348,0.05,0.1,0,0
CUST761,664,2684,0,5,3,4,0.0,0.25,649,0.05,0.145,0,0
CUST762,8438,1300,15,0,1,2,1.36,6.49,1030,0.429,0.674,1,1
CUST763,1534,3476,13,1,3,5,3.25,0.44,1098,0.42,0.66,1,1
CUST764,9773,3793,7,4,0,5,0.7,2.58,195,0.436,0.661,1,1
CUST765,1556,4850,15,3,1,2,3.0,0.32,1335,0.293,0.538,0,1
CUST766,4416,4923,10,1,3,3,1.11,0.9,1280,0.229,0.409,0,0
CUST767,9751,1979,0,5,4,1,0.0,4.93,1023,0.05,0.085,0,0
CUST768,7406,4328,8,5,4,4,0.67,1.71,1160,0.123,0.283,0,0
CUST769,5219,3484,14,1,1,1,2.0,1.5,892,0.367,0.587,1,0
CUST770,2931,1027,6,3,2,2,0.55,2.85,526,0.21,0.35,0,0
CUST771,5387,1430,4,1,0,1,0.5,3.77,951,0.125,0.26,0,0
CUST772,777,803,6,1,2,1,1.2,0.97,530,0.219,0.344,0,1
CUST773,5443,845,15,0,0,0,3.0,6.44,1233,0.328,0.558,0,0
CUST774,2602,3834,11,5,0,3,5.5,0.68,484,0.373,0.608,0,1
CUST775,2303,1488,8,3,0,1,1.33,1.55,642,0.237,0.412,0,0
CUST776,3169,2432,13,1,1,0,2.6,1.3,439,0.392,0.587,0,1
CUST777,2150,958,15,4,2,5,1.67,2.24,649,0.505,0.78,1,1
CUST778,6325,2775,4,2,3,5,4.0,2.28,632,0.264,0.414,0,0
CUST779,9355,785,1,5,1,2,0.2,11.92,788,0.05,0.155,0,0
CUST780,6738,1499,7,3,3,0,1.4,4.49,524,0.135,0.24,1,0
CUST781,5496,2428,9,1,1,3,1.29,2.26,1320,0.236,0.436,0,1
CUST782,7220,1156,15,3,3,2,5.0,6.25,206,0.479,0.694,0,1
CUST783,5653,3382,13,4,4,5,1.08,1.67,929,0.359,0.584,1,1
CUST784,6864,2005,14,5,1,0,1.27,3.42,410,0.323,0.528,1,0
CUST785,2431,1407,5,1,4,5,0.45,1.73,1217,0.177,0.322,0,0
CUST786,3142,4198,15,5,1,2,1.5,0.75,1408,0.228,0.473,0,0
CUST787,6747,2127,2,3,2,1,0.2,3.17,773,0.05,0.135,0,0
CUST788,3064,2373,2,3,1,2,0.29,1.29,102,0.215,0.33,0,0
CUST789,2222,1722,2,2,1,4,0.17,1.29,29,0.334,0.479,0,0
CUST790,3628,4216,15,0,1,5,3.0,0.86,391,0.677,0.9,1,1
CUST791,4936,1566,13,1,4,1,3.25,3.15,1387,0.183,0.348,0,0
CUST792,7688,1695,0,2,2,1,0.0,4.54,509,0.05,0.115,0,0
CUST793,6813,1202,0,3,1,2,0.0,5.67,1407,0.05,0.145,0,0
CUST794,1153,2599,2,0,4,0,0.5,0.44,682,0.05,0.09,0,0
CUST795,6541,872,0,2,4,4,0.0,7.5,620,0.106,0.186,0,1
CUST796,8374,836,5,2,1,4,0.62,10.02,695,0.276,0.451,1,1
CUST797,5432,4845,13,1,2,0,4.33,1.12,91,0.442,0.622,0,0
CUST798,4621,2801,11,3,2,2,1.83,1.65,1059,0.228,0.418,0,1
CUST799,3395,4524,4,4,3,0,4.0,0.75,305,0.079,0.154,0,1
CUST800,2200,2631,5,5,3,3,5.0,0.84,1014,0.057,0.187,0,0
CUST801,2725,4474,14,3,0,5,2.33,0.61,254,0.624,0.9,1,1
CUST802,9528,1979,5,5,4,2,0.5,4.81,1359,0.05,0.15,0,0
CUST803,8461,533,5,3,0,1,2.5,15.87,1387,0.05,0.195,0,1
CUST804,5600,1499,12,2,4,0,12.0,3.74,315,0.307,0.447,1,0
CUST805,395,4430,14,5,2,4,14.0,0.09,675,0.41,0.66,0,0
CUST806,4935,3161,4,1,0,5,4.0,1.56,662,0.343,0.538,0,0
CUST807,4233,3624,2,3,2,1,1.0,1.17,817,0.05,0.135,1,0
CUST808,5191,3682,12,2,1,0,1.71,1.41,1006,0.229,0.414,0,0
CUST809,8699,1575,11,5,0,2,1.38,5.52,410,0.348,0.568,0,1
CUST810,3353,2699,13,0,3,2,1.18,1.24,890,0.367,0.562,0,1
CUST811,2840,3299,14,5,1,5,1.56,0.86,1015,0.402,0.682,0,1
CUST812,5221,2881,14,3,0,3,4.67,1.81,305,0.534,0.799,0,1
CUST813,9327,2536,13,2,4,0,13.0,3.68,157,0.364,0.514,0,1
CUST814,6123,3883,3,3,4,2,0.3,1.58,522,0.096,0.176,1,0
CUST815,1041,1433,14,1,1,3,2.0,0.73,171,0.591,0.841,0,1
CUST816,3366,4227,14,4,2,2,4.67,0.8,433,0.403,0.623,1,0
CUST817,395,2624,3,3,4,0,1.5,0.15,809,0.05,0.1,1,0
CUST818,8274,4269,12,5,4,5,1.2,1.94,621,0.371,0.586,0,0
CUST819,527,3735,9,0,1,1,4.5,0.14,391,0.367,0.537,0,0
CUST820,2678,2041,0,1,3,5,0.0,1.31,1331,0.05,0.16,0,0
CUST821,2727,4912,6,0,2,3,0.86,0.56,971,0.236,0.391,1,1
CUST822,7664,1748,14,3,3,0,3.5,4.38,1199,0.175,0.35,0,0
CUST823,7374,3709,1,2,0,0,0.12,1.99,852,0.05,0.14,0,0
CUST824,8710,2882,1,3,3,3,0.08,3.02,1211,0.05,0.14,0,0
CUST825,611,4496,7,5,0,4,0.7,0.14,865,0.237,0.447,0,1
CUST826,5981,3917,15,0,3,4,1.25,1.53,919,0.491,0.736,1,1
CUST827,8617,2074,15,2,3,1,1.5,4.15,450,0.415,0.615,0,1
CUST828,6202,4337,4,2,3,3,1.33,1.43,968,0.116,0.236,0,0
CUST829,2861,1206,15,1,1,1,1.88,2.37,1241,0.322,0.552,1,1
CUST830,1070,4544,9,1,1,4,1.5,0.24,38,0.532,0.747,0,1
CUST831,5833,1799,5,4,0,0,2.5,3.24,882,0.05,0.18,0,1
CUST832,1064,2335,15,2,2,2,3.0,0.46,1141,0.337,0.567,0,0
CUST833,7789,4722,3,5,0,3,1.5,1.65,228,0.224,0.379,0,0
CUST834,2234,1334,1,4,0,1,0.17,1.67,421,0.081,0.186,0,0
CUST835,6259,4116,15,5,0,1,5.0,1.52,686,0.353,0.598,1,1
CUST836,4998,3905,0,1,3,2,0.0,1.28,1035,0.05,0.115,0,0
CUST837,8977,3899,11,5,1,1,2.75,2.3,864,0.197,0.387,1,0
CUST838,7551,3853,14,4,2,0,14.0,1.96,299,0.35,0.54,0,1
CUST839,2992,1070,2,2,2,3,2.0,2.8,889,0.102,0.217,0,1
CUST840,7169,1736,1,5,4,2,0.09,4.13,824,0.05,0.11,0,0
CUST841,2706,3069,11,0,2,4,1.57,0.88,1435,0.308,0.528,0,1
CUST842,6927,4959,14,5,2,5,2.8,1.4,405,0.504,0.769,1,1
CUST843,3801,3694,4,4,4,2,0.44,1.03,191,0.162,0.252,0,0
CUST844,4538,1810,0,0,4,4,0.0,2.51,495,0.181,0.261,0,0
CUST845,8614,1404,1,2,2,5,0.5,6.14,726,0.19,0.325,1,0
CUST846,385,1521,14,2,4,5,2.33,0.25,929,0.434,0.669,0,0
CUST847,9684,4868,7,2,2,2,2.33,1.99,1378,0.089,0.239,0,0
CUST848,3454,2528,3,2,4,4,0.38,1.37,740,0.157,0.267,1,0
CUST849,2430,3875,2,0,0,3,0.5,0.63,976,0.175,0.32,0,0
CUST850,6768,4811,12,4,4,4,1.2,1.41,541,0.372,0.572,0,1
CUST851,2664,4105,15,5,3,1,5.0,0.65,1036,0.223,0.423,0,0
CUST852,8055,4704,3,5,1,3,0.25,1.71,67,0.237,0.377,1,0
CUST853,9667,1472,13,0,0,2,13.0,6.57,594,0.486,0.726,0,1
CUST854,758,2997,11,2,2,3,3.67,0.25,293,0.446,0.651,0,1
CUST855,8308,2999,9,1,1,5,4.5,2.77,5,0.579,0.809,1,1
CUST856,9569,866,13,3,4,2,2.17,11.05,927,0.265,0.445,0,0
CUST857,7657,1587,4,4,3,3,0.33,4.82,306,0.199,0.319,0,0
CUST858,9163,3855,12,1,3,2,1.09,2.38,94,0.476,0.661,0,0
CUST859,5360,1225,5,5,0,4,0.45,4.38,1150,0.13,0.32,1,0
CUST860,8096,2076,1,4,4,1,1.0,3.9,1030,0.05,0.095,0,0
CUST861,9795,1972,0,2,1,1,0.0,4.97,910,0.05,0.13,0,0
CUST862,7460,3791,1,3,0,2,0.14,1.97,370,0.156,0.276,1,0
CUST863,9176,3629,8,0,0,0,1.6,2.53,345,0.331,0.491,1,1
CUST864,3072,1234,4,2,3,5,0.4,2.49,121,0.366,0.516,0,1
CUST865,2634,979,9,3,0,2,1.5,2.69,846,0.261,0.461,1,0
CUST866,9901,1490,1,1,1,4,0.12,6.64,485,0.243,0.378,0,0
CUST867,9362,1442,8,0,2,3,4.0,6.49,834,0.313,0.488,0,1
CUST868,1963,2414,0,2,4,4,0.0,0.81,505,0.129,0.209,0,1
CUST869,2632,3832,14,0,4,1,1.56,0.69,765,0.357,0.532,0,0
CUST870,316,4903,13,4,3,0,1.3,0.06,952,0.175,0.34,0,0
CUST871,4410,504,1,3,2,4,0.14,8.75,1393,0.05,0.17,0,0
CUST872,9050,2242,9,0,1,5,4.5,4.04,1154,0.374,0.604,1,1
CUST873,7377,1507,4,5,4,2,0.4,4.9,432,0.089,0.179,0,0
CUST874,4329,3306,8,5,3,2,1.33,1.31,1357,0.05,0.195,0,0
CUST875,333,3190,0,5,1,5,0.0,0.1,1247,0.05,0.19,1,1
CUST876,9116,1921,13,4,3,3,1.18,4.75,167,0.452,0.662,0,1
CUST877,6164,4146,3,2,3,4,1.0,1.49,793,0.166,0.291,0,0
CUST878,7583,569,3,3,2,1,0.75,13.33,20,0.196,0.291,0,0
CUST879,5267,3431,6,0,4,5,1.5,1.54,453,0.379,0.534,0,0
CUST880,416,801,8,3,4,1,0.73,0.52,402,0.205,0.32,0,0
CUST881,9568,4598,15,1,4,1,1.36,2.08,1377,0.235,0.42,0,1
CUST882,4034,1550,2,1,2,4,0.17,2.6,1072,0.131,0.261,0,1
CUST883,332,689,8,5,4,3,0.73,0.48,875,0.14,0.285,0,0
CUST884,8791,3146,13,3,2,0,1.62,2.79,956,0.219,0.399,0,0
CUST885,7654,2339,1,2,3,4,1.0,3.27,648,0.145,0.25,0,0
CUST886,4395,707,7,5,3,0,2.33,6.22,404,0.109,0.214,0,1
CUST887,5777,1292,0,3,3,0,0.0,4.47,513,0.05,0.085,0,0
CUST888,1494,3291,1,2,4,1,0.1,0.45,1229,0.05,0.095,0,0
CUST889,6483,4157,3,0,0,0,0.25,1.56,642,0.147,0.257,1,1
CUST890,7375,4120,1,2,4,5,0.5,1.79,135,0.268,0.373,0,0
CUST891,7035,2915,12,3,0,4,1.2,2.41,478,0.489,0.749,0,1
CUST892,1959,4214,12,3,3,4,1.09,0.46,696,0.386,0.601,0,0
CUST893,1982,4219,10,4,1,0,1.0,0.47,26,0.325,0.49,0,0
CUST894,6122,2086,4,5,4,2,0.5,2.93,863,0.05,0.14,0,0
CUST895,5406,2491,4,0,0,1,0.57,2.17,1198,0.1,0.235,0,0
CUST896,2715,3430,9,4,4,1,1.8,0.79,962,0.093,0.218,0,0
CUST897,9466,566,4,0,1,4,0.57,16.72,112,0.418,0.583,1,0
CUST898,8094,2148,2,2,1,5,0.17,3.77,1423,0.095,0.255,0,0
CUST899,5684,3212,10,4,2,3,5.0,1.77,333,0.363,0.558,0,0
CUST900,3954,845,15,1,0,5,3.75,4.68,1420,0.466,0.771,0,1
CUST901,6858,4438,10,5,3,1,10.0,1.55,378,0.229,0.379,0,1
CUST902,3485,745,3,1,2,3,0.3,4.68,1293,0.071,0.196,0,0
CUST903,3887,743,6,1,2,1,0.5,5.23,537,0.218,0.343,1,0
CUST904,4589,2514,5,1,0,1,5.0,1.83,208,0.298,0.443,0,1
CUST905,4234,1409,10,1,2,3,1.67,3.0,758,0.353,0.548,0,0
CUST906,3407,4053,2,0,1,1,0.22,0.84,393,0.191,0.291,0,0
CUST907,3398,4018,7,0,4,4,1.4,0.85,1097,0.236,0.386,0,1
CUST908,8311,936,8,1,4,4,0.67,8.88,429,0.369,0.529,1,1
CUST909,8642,1031,5,4,3,5,0.62,8.38,767,0.212,0.372,0,1
CUST910,4696,3562,15,5,3,3,2.14,1.32,1191,0.272,0.502,0,0
CUST911,4140,799,6,1,1,3,1.5,5.18,811,0.263,0.433,0,0
CUST912,2500,1787,11,2,4,0,2.2,1.4,173,0.31,0.44,0,1
CUST913,7281,837,14,4,4,2,1.75,8.7,924,0.265,0.455,0,1
CUST914,3242,4575,10,2,3,0,2.5,0.71,905,0.159,0.294,0,1
CUST915,1580,1175,9,4,4,4,2.25,1.34,567,0.292,0.462,1,1
CUST916,5694,813,6,2,1,5,1.2,7.0,513,0.377,0.577,0,0
CUST917,9198,2748,6,5,4,1,6.0,3.35,535,0.078,0.173,0,0
CUST918,494,3339,12,3,4,5,1.09,0.15,967,0.352,0.567,0,0
CUST919,3738,1722,12,1,1,5,3.0,2.17,972,0.461,0.721,0,0
CUST920,3377,4339,14,2,0,2,1.17,0.78,879,0.404,0.654,0,1
CUST921,5306,746,11,1,4,1,1.38,7.11,20,0.406,0.551,0,0
CUST922,6908,3283,7,3,3,5,0.78,2.1,1415,0.157,0.337,0,0
CUST923,9702,763,4,1,2,4,0.57,12.72,801,0.235,0.385,1,0
CUST924,5687,4878,12,1,3,0,1.5,1.17,1167,0.182,0.337,0,1
CUST925,825,1904,3,5,4,1,0.3,0.43,1412,0.05,0.115,0,0
CUST926,5069,1069,12,2,1,1,1.33,4.74,1351,0.2,0.4,1,1
CUST927,6707,4747,0,1,2,3,0.0,1.41,322,0.191,0.286,1,0
CUST928,5375,1063,12,1,1,1,1.0,5.06,886,0.318,0.518,0,1
CUST929,3604,3042,6,4,3,2,2.0,1.18,16,0.267,0.392,0,0
CUST930,7880,2522,10,4,3,3,10.0,3.12,1180,0.174,0.354,0,1
CUST931,3169,4238,11,5,2,3,2.75,0.75,851,0.26,0.465,1,0
CUST932,9616,4039,14,3,1,5,2.0,2.38,196,0.616,0.896,0,1
CUST933,1393,1793,8,5,4,2,0.67,0.78,1430,0.05,0.18,0,0
CUST934,1553,4542,13,4,0,2,1.44,0.34,216,0.462,0.702,0,1
CUST935,1031,4194,5,2,1,4,5.0,0.25,947,0.226,0.401,1,0
CUST936,6799,4283,12,2,3,1,12.0,1.59,78,0.414,0.584,1,0
CUST937,7858,1618,10,5,3,3,5.0,4.86,140,0.357,0.537,0,1
CUST938,3094,4085,4,3,2,1,0.4,0.76,37,0.218,0.323,1,1
CUST939,483,4879,12,1,0,5,2.4,0.1,1388,0.397,0.672,1,1
CUST940,7542,2274,1,5,4,1,1.0,3.32,1427,0.05,0.095,0,0
CUST941,1158,1342,12,5,2,3,12.0,0.86,1226,0.21,0.425,1,1
CUST942,1797,2152,7,2,1,1,1.0,0.84,33,0.338,0.488,1,1
CUST943,3050,2074,2,1,0,5,2.0,1.47,343,0.356,0.531,0,1
CUST944,3693,3179,10,4,1,4,1.43,1.16,1110,0.268,0.493,0,1
CUST945,545,2251,3,2,2,1,0.27,0.24,824,0.06,0.155,0,0
CUST946,6345,4258,7,0,2,5,3.5,1.49,90,0.517,0.712,0,1
CUST947,3109,4592,3,5,4,4,1.5,0.68,516,0.127,0.237,0,0
CUST948,5509,3683,4,2,1,5,0.5,1.5,1365,0.157,0.337,1,1
CUST949,9925,4177,12,4,1,4,3.0,2.38,28,0.534,0.779,1,1
CUST950,1600,1516,9,1,3,1,3.0,1.06,123,0.355,0.495,0,1
CUST951,7570,1742,12,1,0,1,4.0,4.35,674,0.38,0.595,1,0
CUST952,4052,824,13,5,2,0,2.17,4.92,679,0.224,0.404,0,0
CUST953,5569,2534,7,4,3,4,0.88,2.2,376,0.3,0.465,0,1
CUST954,2618,4527,2,1,0,5,0.67,0.58,419,0.341,0.516,1,0
CUST955,7952,2174,7,4,0,3,2.33,3.66,638,0.267,0.462,0,1
CUST956,7644,1945,7,2,2,4,1.75,3.93,1302,0.185,0.365,0,0
CUST957,8012,1155,11,3,3,1,1.57,6.94,904,0.199,0.359,0,0
CUST958,1663,1776,15,0,3,3,1.5,0.94,615,0.512,0.742,0,1
CUST959,7731,1939,8,3,3,2,1.14,3.99,581,0.229,0.374,0,0
CUST960,2835,3229,4,5,3,1,4.0,0.88,389,0.077,0.167,1,0
CUST961,6413,3565,15,3,3,3,1.88,1.8,787,0.403,0.633,1,0
CUST962,9566,1083,13,0,0,3,3.25,8.83,333,0.578,0.833,0,0
CUST963,1245,3355,15,5,2,5,2.14,0.37,1334,0.343,0.618,0,0
CUST964,762,2485,15,0,2,5,1.36,0.31,1429,0.449,0.724,0,1
CUST965,9775,4231,4,2,1,4,1.33,2.31,1358,0.118,0.283,1,0
CUST966,8795,3648,12,5,4,0,1.71,2.41,387,0.218,0.358,1,0
CUST967,7043,2975,12,4,2,5,6.0,2.37,183,0.523,0.768,0,0
CUST968,6820,3321,4,2,1,5,0.8,2.05,1432,0.144,0.324,1,1
CUST969,7145,4528,0,0,0,5,0.0,1.58,1076,0.185,0.34,0,0
CUST970,2500,1897,5,2,1,5,0.62,1.32,406,0.374,0.564,1,0
CUST971,3293,4191,6,1,1,0,1.2,0.79,393,0.226,0.351,0,0
CUST972,5102,4110,3,5,1,0,0.43,1.24,176,0.095,0.19,0,1
CUST973,1951,743,7,3,3,5,7.0,2.63,20,0.436,0.616,1,0
CUST974,6454,842,3,1,4,0,0.33,7.67,1235,0.05,0.1,0,0
CUST975,5814,4480,15,2,4,3,1.36,1.3,760,0.413,0.628,0,0
CUST976,1237,2462,11,5,3,3,1.83,0.5,730,0.264,0.454,0,1
CUST977,8993,3791,4,0,4,0,0.33,2.37,573,0.105,0.165,0,0
CUST978,3379,4202,15,4,3,5,1.36,0.8,7,0.614,0.874,0,1
CUST979,7579,636,11,0,2,5,1.1,11.92,479,0.539,0.774,1,1
CUST980,1945,1166,11,3,3,5,2.2,1.67,789,0.382,0.602,0,0
CUST981,5237,4760,1,1,3,0,0.11,1.1,1379,0.05,0.095,0,0
CUST982,4287,4155,3,3,4,1,1.0,1.03,434,0.073,0.138,0,0
CUST983,5649,1232,3,3,0,1,0.6,4.59,786,0.083,0.208,0,0
CUST984,8360,4401,3,5,1,4,0.25,1.9,186,0.253,0.408,0,1
CUST985,9506,1029,10,3,3,5,2.5,9.24,895,0.336,0.546,1,1
CUST986,3382,1218,3,0,2,5,0.3,2.78,238,0.387,0.542,1,0
CUST987,9075,3614,0,2,0,4,0.0,2.51,389,0.232,0.372,0,1
CUST988,3939,3490,4,4,4,4,0.57,1.13,219,0.236,0.356,1,0
CUST989,7767,3088,4,2,1,3,0.4,2.52,302,0.29,0.44,1,0
CUST990,2322,781,10,2,4,5,0.83,2.97,561,0.408,0.603,0,0
CUST991,5758,2267,15,2,3,0,1.25,2.54,313,0.402,0.587,1,0
CUST992,6719,2343,1,1,3,5,0.09,2.87,613,0.217,0.337,0,1
CUST993,8056,676,12,2,3,5,1.71,11.92,714,0.447,0.677,1,1
CUST994,9278,2818,9,5,1,5,4.5,3.29,807,0.319,0.549,1,0
CUST995,2553,943,9,3,1,4,0.75,2.71,905,0.309,0.524,0,0
CUST996,449,2218,6,5,1,5,0.5,0.2,742,0.257,0.457,0,1
CUST997,1873,1709,12,3,1,0,1.5,1.1,729,0.259,0.444,1,1
CUST998,6919,4722,10,4,3,1,10.0,1.47,502,0.23,0.38,1,0
CUST999,1768,2979,5,5,3,5,0.45,0.59,950,0.15,0.31,0,0
CUST1000,1653,4146,11,0,0,0,1.38,0.4,250,0.425,0.615,0,0
